Class,Feature,Importance,Mean_SHAP_Active,Mean_SHAP_Overall,Direction
No ezafe & Head Final,num_dependents_modifier,0.1782643777728226,-0.07967201269453704,0.06037448088881514,Negative
No ezafe & Head Final,has_anchor_dependent,0.1554253250514269,-0.043817359366115215,0.03626166330290059,Negative
No ezafe & Head Final,np_depth,0.1097973811684453,0.00448623705248161,0.00448623705248161,Positive
No ezafe & Head Final,num_dependents_head,0.059277001980520105,0.0037227051761170213,0.0037227051761170213,Positive
No ezafe & Head Final,relative_position_in_sent,0.057032435692532815,0.001658905811566435,0.0017281193379690106,Positive
No ezafe & Head Final,distance,0.04038678982600261,0.01162862228198121,0.0011860202665332296,Positive
No ezafe & Head Final,nmod_count,0.034369714663065314,0.010442405651444223,0.0021720677919934684,Positive
No ezafe & Head Final,modifier_deprel_appos,0.02463754746430066,-0.09700478814869731,0.00075594291639821,Negative
No ezafe & Head Final,modifier_upos_NOUN,0.021266888330174368,-0.0019698255802315,0.00022929856832140904,Negative
No ezafe & Head Final,modifier_deprel_nmod,0.020892775570415748,0.011190736970872127,-0.0013281601309592115,Positive
No ezafe & Head Final,amod_count,0.020579148208411297,0.018257490675543546,0.00199434550518601,Positive
No ezafe & Head Final,nominal_head_deprel_nmod,0.019637440094579527,0.009012053307933074,0.0009452315651197782,Positive
No ezafe & Head Final,modifier_upos_PRON,0.018872771377959043,0.034710036299064655,-0.0019097717226711048,Positive
No ezafe & Head Final,head_feats,0.017720228879130318,0.01680975831139029,0.00013853565598152058,Positive
No ezafe & Head Final,nominal_head_consonant_ending,0.016198547678941615,0.002420724229205457,0.0006255155510038451,Positive
No ezafe & Head Final,modifier_is_plural,0.01553810452548442,-0.006517004114165692,0.0008636273093758053,Negative
No ezafe & Head Final,modifier_deprel_flat,0.014908465262286532,-0.1052330167531049,0.001319603133747823,Negative
No ezafe & Head Final,modifier_deprel_amod,0.014806622796245462,0.02460180183901473,9.26641544166596e-05,Positive
No ezafe & Head Final,nominal_head_deprel_conj,0.014383193146060493,-0.01387132036896505,0.0008656019823863288,Negative
No ezafe & Head Final,modifier_consonant_ending,0.014284839384009644,0.0012189846845668726,0.0005865238732441719,Positive
No ezafe & Head Final,nominal_head_upos_NOUN,0.013585842255308789,0.0025464113820907286,0.0003942409550073285,Positive
No ezafe & Head Final,nominal_head_deprel_obl,0.012369079395551244,-0.0050080632566381345,0.0002964935314365413,Negative
No ezafe & Head Final,modifier_feats,0.01210496014648484,0.0044378624372033194,-3.230262617289748e-05,Positive
No ezafe & Head Final,nominal_head_deprel_nsubj,0.011898245705650765,0.004980053082805022,0.00034247563662080963,Positive
No ezafe & Head Final,head_is_plural,0.010893573713705315,0.02207607537251252,0.00024401755135272508,Positive
No ezafe & Head Final,nominal_head_deprel_obj,0.010567316643423235,-0.009977751448787537,0.00037943876940721807,Negative
No ezafe & Head Final,modifier_upos_ADJ,0.009980958338925185,-0.004299177797979213,0.0018422239829475045,Negative
No ezafe & Head Final,nominal_head_upos_PROPN,0.009545176209210474,-0.005226574771741898,0.0006652514319247611,Negative
No ezafe & Head Final,modifier_is_propn,0.008769218020033455,-0.018582554516548114,0.001397509987132375,Negative
No ezafe & Head Final,modifier_upos_PROPN,0.008375521158890073,-0.017763015952972933,0.0012285268808239188,Negative
No ezafe & Head Final,ezafe_like_lemma_between,0.006708046464656332,0.01065561383348016,0.00032168884111507656,Positive
No ezafe & Head Final,nominal_head_deprel_vocative,0.004156112215785403,0.057173902183707395,-0.0007036682017999348,Positive
No ezafe & Head Final,nominal_head_deprel_acl:relcl,0.003878236926583907,0.013302600240648676,-0.00015369625443617735,Positive
No ezafe & Head Final,nominal_head_ī,0.0035512239354637586,0.020217091321952537,0.00016399896153617886,Positive
No ezafe & Head Final,nominal_head_upos_PRON,0.00341787140239561,-0.008687618738351454,0.0001428567643311218,Negative
No ezafe & Head Final,nominal_head_deprel_dislocated:topic,0.0019190185951168752,0.0005658992284679064,0.0001499998473870725,Positive
No ezafe & Head Initial,num_dependents_modifier,0.1721510506951995,-0.03733521654816316,0.031633043897415135,Negative
No ezafe & Head Initial,has_anchor_dependent,0.16223330990130394,-0.050296657098855016,0.03986717869004561,Negative
No ezafe & Head Initial,np_depth,0.10319319475225915,-0.0006427574291457408,-0.0006427574291457408,Negative
No ezafe & Head Initial,num_dependents_head,0.062207287136684206,0.001930307211173036,0.001930307211173036,Positive
No ezafe & Head Initial,distance,0.06103731468600682,0.11538263424531078,-0.0006001429162317343,Positive
No ezafe & Head Initial,relative_position_in_sent,0.05258253192423279,0.0006131944395000197,0.0003089595923582294,Positive
No ezafe & Head Initial,nmod_count,0.0366206755861922,-0.009802785801166622,0.0017660485317063108,Negative
No ezafe & Head Initial,modifier_deprel_appos,0.025777524282136848,0.23304279868402328,0.0013155655195643877,Positive
No ezafe & Head Initial,amod_count,0.02297333999069239,-0.03923075664328609,-0.002017542458547744,Negative
No ezafe & Head Initial,modifier_deprel_nmod,0.022501787256549242,-0.015333723260573227,0.006773006075303832,Negative
No ezafe & Head Initial,modifier_upos_NOUN,0.021046949459149023,0.023327894877650236,0.00277159296206063,Positive
No ezafe & Head Initial,nominal_head_deprel_nmod,0.02084576205315362,-0.018304621407776292,0.0015477017259538182,Negative
No ezafe & Head Initial,head_feats,0.017413652573776618,-0.013665243777501971,0.0004035232188810703,Negative
No ezafe & Head Initial,modifier_deprel_amod,0.017371017393258734,-0.06356903892617098,0.0045788586724784495,Negative
No ezafe & Head Initial,modifier_is_plural,0.015012539526613598,-0.003135584843042391,0.0008091606797669049,Negative
No ezafe & Head Initial,nominal_head_upos_NOUN,0.01306806084161533,-0.003177310168016862,0.0003766455464584788,Negative
No ezafe & Head Initial,modifier_upos_PRON,0.012968285228853524,-0.03534837117512306,0.0028518765576087957,Negative
No ezafe & Head Initial,modifier_feats,0.012832216423562888,0.0032293665283793767,0.0003149084940447616,Positive
No ezafe & Head Initial,nominal_head_deprel_conj,0.01219480515225216,0.016854925821597,-0.00041430344266382626,Positive
No ezafe & Head Initial,nominal_head_deprel_obl,0.012101865423986792,0.006224967917289544,-0.0001672477859442841,Positive
No ezafe & Head Initial,nominal_head_consonant_ending,0.01157618353048021,-0.0023730408930673747,-0.00046832523989202775,Negative
No ezafe & Head Initial,modifier_deprel_flat,0.011546977481988461,0.1514859370753645,-0.0013908616204313213,Positive
No ezafe & Head Initial,nominal_head_deprel_nsubj,0.011235720576406807,-0.002186100021273273,0.0002967409226814795,Negative
No ezafe & Head Initial,modifier_consonant_ending,0.0111220779082056,0.0008538378530431067,0.0005297241333726611,Positive
No ezafe & Head Initial,nominal_head_upos_PROPN,0.010565936816013682,0.018617280095389675,5.8290107012187685e-05,Positive
No ezafe & Head Initial,modifier_upos_ADJ,0.010182827672513396,-0.006433283448680997,0.0001460518519297544,Negative
No ezafe & Head Initial,nominal_head_deprel_obj,0.009849312241649437,0.0032054488530592,0.0002366990106909288,Positive
No ezafe & Head Initial,head_is_plural,0.009445943664827016,0.0026319291339684733,-0.0001054977908684232,Positive
No ezafe & Head Initial,modifier_upos_PROPN,0.0077513875722143985,0.011840673939828161,-4.175394094180436e-05,Positive
No ezafe & Head Initial,modifier_is_propn,0.0075302701183540925,0.01083985503649058,-0.0003143764899746141,Positive
No ezafe & Head Initial,ezafe_like_lemma_between,0.006487144578873137,0.022163293224851457,-0.0002348992801410479,Positive
No ezafe & Head Initial,nominal_head_upos_PRON,0.0045913651649736745,0.0034294970228721873,-9.582901859978922e-05,Positive
No ezafe & Head Initial,nominal_head_deprel_vocative,0.0034398453927524672,-0.0404814327698329,0.0005354316401010213,Negative
No ezafe & Head Initial,nominal_head_ī,0.003430118016884386,-0.004616502924034244,2.8282013632261442e-05,Negative
No ezafe & Head Initial,nominal_head_deprel_acl:relcl,0.0034018235185926276,-0.0006256962787767725,9.42490880279121e-05,Negative
No ezafe & Head Initial,nominal_head_deprel_dislocated:topic,0.0017098954577912107,0.0008529142950088999,0.00012061743165246609,Positive
With ezafe & Head Final,has_anchor_dependent,0.35814426744307926,0.23806376165898355,-0.19803421215292083,Positive
With ezafe & Head Final,num_dependents_modifier,0.19164745825253038,0.023662252980948182,-0.06303118570219333,Positive
With ezafe & Head Final,np_depth,0.09560394508964129,-0.01774003649385775,-0.01774003649385775,Negative
With ezafe & Head Final,num_dependents_head,0.0570821866356684,-0.02120486526964679,-0.02120486526964679,Negative
With ezafe & Head Final,distance,0.0384392063370779,-0.08489032451359875,-0.013750363955955369,Negative
With ezafe & Head Final,relative_position_in_sent,0.021652485775020224,-0.023825173923164945,-0.013586991658656695,Negative
With ezafe & Head Final,modifier_upos_NOUN,0.021287826971463857,-0.033161995548359885,-0.008214400172941817,Negative
With ezafe & Head Final,nmod_count,0.01987021370436958,-0.0023626860642464555,-0.007744409594054119,Negative
With ezafe & Head Final,modifier_deprel_appos,0.0182482566577869,-0.08424579653359647,-0.002769057557545609,Negative
With ezafe & Head Final,amod_count,0.017414677246722007,0.0046578547996400915,-0.005185575508681889,Positive
With ezafe & Head Final,modifier_deprel_amod,0.01729925264824784,0.03142072866155659,-0.010921688105088168,Positive
With ezafe & Head Final,nominal_head_deprel_nmod,0.01689407049875231,0.036161046534312465,-0.0131837325039806,Positive
With ezafe & Head Final,modifier_deprel_nmod,0.010176017514430848,-0.00759815328647717,-0.007643133185997608,Negative
With ezafe & Head Final,modifier_upos_ADJ,0.010147959596491762,0.00847127782771401,-0.004558876401385138,Positive
With ezafe & Head Final,nominal_head_upos_NOUN,0.009653784862469086,0.0026009123666915685,-0.003663782317584341,Positive
With ezafe & Head Final,head_feats,0.008777560922900276,-0.010399246614615344,-0.004783168664052434,Negative
With ezafe & Head Final,nominal_head_deprel_conj,0.007930475114149422,-0.023332166995572765,-0.002449245536662975,Negative
With ezafe & Head Final,modifier_consonant_ending,0.007407008515462281,-0.00290355829003322,-0.004120207519469011,Negative
With ezafe & Head Final,modifier_is_plural,0.0072883232320339105,-0.025149215561731813,-0.005249429497487865,Negative
With ezafe & Head Final,nominal_head_deprel_obl,0.006709542666637018,-0.00962739719972563,-0.002745508014343486,Negative
With ezafe & Head Final,nominal_head_deprel_obj,0.0065739074813830015,-0.002869529502683131,-0.002852182604228979,Negative
With ezafe & Head Final,modifier_feats,0.0062311535533556206,-0.03302595577794103,-0.002610045758499948,Negative
With ezafe & Head Final,nominal_head_deprel_nsubj,0.0061487950802946905,-0.018811648817081715,-0.00247720214551621,Negative
With ezafe & Head Final,modifier_upos_PRON,0.006138758857397996,0.0012634183217964932,-0.0025444872237785363,Positive
With ezafe & Head Final,head_is_plural,0.006054345860733502,-0.0467939519324992,-0.0020455951791524614,Negative
With ezafe & Head Final,nominal_head_upos_PROPN,0.005690962394664507,-0.03403782874643146,-0.00207057212978725,Negative
With ezafe & Head Final,nominal_head_consonant_ending,0.003878597548869631,-0.0004934048280814977,-0.0015735792975128228,Negative
With ezafe & Head Final,modifier_is_propn,0.0032516399343985843,-0.0012714629799422449,-0.0019330783878233743,Negative
With ezafe & Head Final,modifier_upos_PROPN,0.003170546088159638,-0.002145043760257244,-0.0021126763573545305,Negative
With ezafe & Head Final,ezafe_like_lemma_between,0.0029006529646345477,-0.03797265920982108,-0.0008800832692657877,Negative
With ezafe & Head Final,modifier_deprel_flat,0.002049576550093998,-0.027213901313248242,-0.00023010066648484334,Negative
With ezafe & Head Final,nominal_head_ī,0.0019184040847216477,-0.017780113486661243,-0.0009246743429069812,Negative
With ezafe & Head Final,nominal_head_upos_PRON,0.001772192813870034,-0.01265674482495328,-0.0005397005942897774,Negative
With ezafe & Head Final,nominal_head_deprel_dislocated:topic,0.0012094732242956547,-0.008495058231939209,-0.0006686363013595995,Negative
With ezafe & Head Final,nominal_head_deprel_acl:relcl,0.0011325182200891432,-0.021030153747310078,-0.00019107099489338347,Negative
With ezafe & Head Final,nominal_head_deprel_vocative,0.00020395565810315449,-0.0037387609992048385,5.430055896646256e-06,Negative
With ezafe & Head Initial,has_anchor_dependent,0.20621257466615786,-0.14394974519401352,0.12190537015997487,Negative
With ezafe & Head Initial,num_dependents_modifier,0.19043708825824415,0.09334497626175198,-0.028976339084036847,Positive
With ezafe & Head Initial,np_depth,0.10196266247004385,0.013896556870521925,0.013896556870521925,Positive
With ezafe & Head Initial,distance,0.07184738002937562,-0.042120932013693005,0.013164486605653952,Negative
With ezafe & Head Initial,num_dependents_head,0.060403053815048416,0.015551852882356727,0.015551852882356727,Positive
With ezafe & Head Initial,relative_position_in_sent,0.043749073249321174,0.021553073672098515,0.011549912728329467,Positive
With ezafe & Head Initial,nmod_count,0.03519331510144272,0.00172306621396891,0.0038062932703544082,Positive
With ezafe & Head Initial,nominal_head_deprel_nmod,0.034659879232884945,-0.026868478434469403,0.010690799212907023,Negative
With ezafe & Head Initial,modifier_upos_NOUN,0.017638814272530928,0.01180392625094122,0.005213508642559782,Positive
With ezafe & Head Initial,head_feats,0.016710956761204827,0.007254732080726978,0.004241109789189827,Positive
With ezafe & Head Initial,modifier_deprel_appos,0.0162558843621872,-0.051792214001729675,0.0006975491215830221,Negative
With ezafe & Head Initial,amod_count,0.01604372922281867,0.01631541116810237,0.005208772462043604,Positive
With ezafe & Head Initial,modifier_deprel_amod,0.013650512067143098,0.007546508425599442,0.006250165278193049,Positive
With ezafe & Head Initial,nominal_head_deprel_conj,0.01287325224410612,0.020348561542940714,0.001997946996940465,Positive
With ezafe & Head Initial,modifier_deprel_nmod,0.012842784105228823,0.011741139576178308,0.0021982872416530155,Positive
With ezafe & Head Initial,modifier_is_plural,0.012458967528491564,0.034801804518939904,0.00357664150834516,Positive
With ezafe & Head Initial,nominal_head_deprel_obl,0.012029118530809116,0.00841049253907419,0.0026162622688512224,Positive
With ezafe & Head Initial,modifier_consonant_ending,0.011500922519767184,0.0008307357524232696,0.0030039595128522043,Positive
With ezafe & Head Initial,nominal_head_deprel_nsubj,0.011155741718793142,0.01601769575555012,0.0018379855862139395,Positive
With ezafe & Head Initial,nominal_head_deprel_obj,0.01098128986008082,0.009641832098411568,0.002236044824130865,Positive
With ezafe & Head Initial,modifier_feats,0.010471662073205051,0.025358726812358408,0.002327439890628088,Positive
With ezafe & Head Initial,nominal_head_upos_NOUN,0.009902912232691243,-0.001970013580765402,0.0028928958161185663,Negative
With ezafe & Head Initial,modifier_upos_ADJ,0.009071380218287869,0.002261183418946178,0.002570600566507883,Positive
With ezafe & Head Initial,head_is_plural,0.008848638649914893,0.022085947426018247,0.0019070754186681735,Positive
With ezafe & Head Initial,modifier_upos_PRON,0.007940413693925246,-0.0006250834457381426,0.0016023823888408528,Negative
With ezafe & Head Initial,nominal_head_upos_PROPN,0.0074920753868847135,0.02064712342278367,0.0013470305908502736,Positive
With ezafe & Head Initial,nominal_head_consonant_ending,0.007364484933482073,0.00044572149194343623,0.0014163889864010223,Positive
With ezafe & Head Initial,modifier_upos_PROPN,0.005697113660561392,0.00806738577340203,0.0009259034174724166,Positive
With ezafe & Head Initial,modifier_is_propn,0.005663022339007836,0.009014162459999713,0.0008499448906656111,Positive
With ezafe & Head Initial,ezafe_like_lemma_between,0.004814014854903654,0.005153752151489249,0.000793293708291757,Positive
With ezafe & Head Initial,nominal_head_upos_PRON,0.0035879594317868527,0.017914866540432565,0.0004926728485584496,Positive
With ezafe & Head Initial,nominal_head_ī,0.003330708742892595,0.0021795250887430722,0.0007323933677385406,Positive
With ezafe & Head Initial,modifier_deprel_flat,0.002652554303075184,-0.01903901900901154,0.00030135915316834456,Negative
With ezafe & Head Initial,nominal_head_deprel_acl:relcl,0.001847752219712945,0.008353249785438261,0.0002505181613016498,Positive
With ezafe & Head Initial,nominal_head_deprel_dislocated:topic,0.0013689896773895693,0.007076244708462413,0.0003980190223200602,Positive
With ezafe & Head Initial,nominal_head_deprel_vocative,0.0013393175665985318,-0.012953708414669444,0.00016280650580228549,Negative
